id;payer;name_cost;cost;photo;photo_content_type;descripcion;paid;pending;finished
1;88586;discrete overriding;84682;../fake-data/blob/hipster.png;image/png;Buckinghamshire Idaho;50194;21817;false
2;38368;Sleek alarm dynamic;16089;../fake-data/blob/hipster.png;image/png;Games deposit;9481;77977;true
3;7147;Analyst;96315;../fake-data/blob/hipster.png;image/png;Manager Avon;8122;25066;true
4;98466;turquoise;37774;../fake-data/blob/hipster.png;image/png;payment;24955;17899;false
5;5149;hack Checking Kuna;66231;../fake-data/blob/hipster.png;image/png;Berkshire lavender;21747;10620;false
6;7831;Synergistic navigating cohesive;67484;../fake-data/blob/hipster.png;image/png;auxiliary;660;28371;true
7;94327;systems state;48743;../fake-data/blob/hipster.png;image/png;indexing Designer strategize;69323;90317;false
8;59389;Analyst Assimilated withdrawal;68860;../fake-data/blob/hipster.png;image/png;blue;60147;58674;true
9;55819;firewall line;7258;../fake-data/blob/hipster.png;image/png;Colorado;90243;23415;false
10;91990;withdrawal;1648;../fake-data/blob/hipster.png;image/png;Wooden Borders;4484;24991;false
